{
    "name": "root",
    "gauges": {
        "PacMan.Policy.Entropy.mean": {
            "value": 3.3589110374450684,
            "min": 3.1954352855682373,
            "max": 3.4789822101593018,
            "count": 13
        },
        "PacMan.Policy.ExtrinsicValueEstimate.mean": {
            "value": 0.027855684980750084,
            "min": -0.013581464067101479,
            "max": 0.029416369274258614,
            "count": 13
        },
        "PacMan.IsTraining.mean": {
            "value": 1.0,
            "min": 1.0,
            "max": 1.0,
            "count": 13
        },
        "PacMan.Losses.PolicyLoss.mean": {
            "value": 0.025263169086985393,
            "min": 0.022504018333567424,
            "max": 0.02709567432369416,
            "count": 12
        },
        "PacMan.Losses.ValueLoss.mean": {
            "value": 0.009441073593286671,
            "min": 0.0037148609314105155,
            "max": 0.026184905205483607,
            "count": 12
        },
        "PacMan.Policy.LearningRate.mean": {
            "value": 0.00023179524473492598,
            "min": 0.00023179524473492598,
            "max": 0.00024828802723732995,
            "count": 12
        },
        "PacMan.Policy.Epsilon.mean": {
            "value": 0.17726507400000002,
            "min": 0.17726507400000002,
            "max": 0.18276267000000002,
            "count": 12
        },
        "PacMan.Policy.Beta.mean": {
            "value": 0.0038655271926000003,
            "min": 0.0038655271926000003,
            "max": 0.004139857233000001,
            "count": 12
        },
        "PacMan.Environment.EpisodeLength.mean": {
            "value": 7545.333333333333,
            "min": 3641.6666666666665,
            "max": 9356.0,
            "count": 12
        },
        "PacMan.Self-play.ELO.mean": {
            "value": 1200.0379580019405,
            "min": 1200.0014984986287,
            "max": 1200.0379580019405,
            "count": 12
        },
        "PacMan.Environment.CumulativeReward.mean": {
            "value": 1.719466785589854,
            "min": 0.814433882633845,
            "max": 3.671483412384987,
            "count": 12
        },
        "PacMan.Policy.ExtrinsicReward.mean": {
            "value": 1.719466785589854,
            "min": 0.814433882633845,
            "max": 3.671483412384987,
            "count": 12
        }
    },
    "metadata": {
        "timer_format_version": "0.1.0",
        "start_time_seconds": "1613948838",
        "python_version": "3.6.9 (default, Oct  8 2020, 12:12:24) \n[GCC 8.4.0]",
        "command_line_arguments": "/usr/local/bin/mlagents-learn /content/trainer_config.yaml --run-id=Pacman_simple --env=/content/Pacman/pacman.x86_64 --no-graphics --resume",
        "mlagents_version": "0.23.0",
        "mlagents_envs_version": "0.23.0",
        "communication_protocol_version": "1.3.0",
        "pytorch_version": "1.7.0+cu101",
        "numpy_version": "1.18.0",
        "end_time_seconds": "1613951130"
    },
    "total": 2292.412603994,
    "count": 1,
    "self": 0.5877437719991576,
    "children": {
        "run_training.setup": {
            "total": 0.010852790001081303,
            "count": 1,
            "self": 0.010852790001081303
        },
        "TrainerController.start_learning": {
            "total": 2291.814007432,
            "count": 1,
            "self": 1.570626387721859,
            "children": {
                "TrainerController._reset_env": {
                    "total": 53.25920965700243,
                    "count": 8,
                    "self": 53.25920965700243
                },
                "TrainerController.advance": {
                    "total": 2236.984008856276,
                    "count": 65266,
                    "self": 1.4178717795221019,
                    "children": {
                        "env_step": {
                            "total": 2001.094409269801,
                            "count": 65266,
                            "self": 1799.6502197938407,
                            "children": {
                                "SubprocessEnvManager._take_step": {
                                    "total": 200.74973381500422,
                                    "count": 65266,
                                    "self": 4.381444858034229,
                                    "children": {
                                        "TorchPolicy.evaluate": {
                                            "total": 196.36828895697,
                                            "count": 65227,
                                            "self": 35.616440437917845,
                                            "children": {
                                                "TorchPolicy.sample_actions": {
                                                    "total": 160.75184851905215,
                                                    "count": 65227,
                                                    "self": 160.75184851905215
                                                }
                                            }
                                        }
                                    }
                                },
                                "workers": {
                                    "total": 0.6944556609560095,
                                    "count": 65265,
                                    "self": 0.0,
                                    "children": {
                                        "worker_root": {
                                            "total": 2288.9432304810325,
                                            "count": 65265,
                                            "is_parallel": true,
                                            "self": 559.8379870621957,
                                            "children": {
                                                "run_training.setup": {
                                                    "total": 0.0,
                                                    "count": 0,
                                                    "is_parallel": true,
                                                    "self": 0.0,
                                                    "children": {
                                                        "steps_from_proto": {
                                                            "total": 0.002458420000039041,
                                                            "count": 1,
                                                            "is_parallel": true,
                                                            "self": 0.0005222390009294031,
                                                            "children": {
                                                                "_process_vector_observation": {
                                                                    "total": 0.001936180999109638,
                                                                    "count": 4,
                                                                    "is_parallel": true,
                                                                    "self": 0.001936180999109638
                                                                }
                                                            }
                                                        },
                                                        "UnityEnvironment.step": {
                                                            "total": 0.09976462600025116,
                                                            "count": 1,
                                                            "is_parallel": true,
                                                            "self": 0.0005409850000432925,